[{"url":"https://cognito-idp.ap-south-1.amazonaws.com"},
{
  "User-Agent": "Mozilla/5.0 (Windows NT 10.0; Win64; x64) AppleWebKit/537.36 (KHTML, like Gecko) Chrome/141.0.0.0 Safari/537.36 Edg/141.0.0.0",
  "Connection": "keep-alive",
  "Accept": "*/*",
  "Accept-Encoding": "gzip, deflate, br, zstd",
  "cache-control": "max-age=0",
  "x-amz-user-agent": "aws-amplify/5.0.4 js",
  "sec-ch-ua-platform": "\"Windows\"",
  "x-amz-target": "AWSCognitoIdentityProviderService.InitiateAuth",
  "sec-ch-ua": "\"Microsoft Edge\";v=\"141\", \"Not?A_Brand\";v=\"8\", \"Chromium\";v=\"141\"",
  "content-type": "application/x-amz-json-1.1",
  "sec-ch-ua-mobile": "?0",
  "origin": "https://www.dailyobjects.com",
  "sec-fetch-site": "cross-site",
  "sec-fetch-mode": "cors",
  "sec-fetch-dest": "empty",
  "referer": "https://www.dailyobjects.com/",
  "accept-language": "en-US,en;q=0.9,en-IN;q=0.8",
  "priority": "u=1, i"
},
{"AuthFlow":"CUSTOM_AUTH","ClientId":"75nanbhlttrqe23dutkerof37r","AuthParameters":{"USERNAME":"+917828278203"},"ClientMetadata":{}}]