[
    {"url":"https://citymall.live/api/cl-user/auth/get-otp"},
    {
  "User-Agent": "Mozilla/5.0 (Windows NT 10.0; Win64; x64) AppleWebKit/537.36 (KHTML, like Gecko) Chrome/141.0.0.0 Safari/537.36 Edg/141.0.0.0",
  "Connection": "keep-alive",
  "Accept": "application/json, text/plain, */*",
  "Accept-Encoding": "gzip, deflate, br, zstd",
  "Content-Type": "application/json",
  "language": "en",
  "sec-ch-ua-platform": "\"Windows\"",
  "x-app-name": "WEB",
  "sec-ch-ua": "\"Microsoft Edge\";v=\"141\", \"Not?A_Brand\";v=\"8\", \"Chromium\";v=\"141\"",
  "sec-ch-ua-mobile": "?0",
  "x-requested-with": "WEB",
  "use-applinks": "true",
  "Origin": "https://citymall.live",
  "Sec-Fetch-Site": "same-origin",
  "Sec-Fetch-Mode": "cors",
  "Sec-Fetch-Dest": "empty",
  "Referer": "https://citymall.live/",
  "Accept-Language": "en-US,en;q=0.9,en-IN;q=0.8",
  "Cookie": "bp=lg; vxid=d18f6c10c698dc0ab32319795cd4a6b6; referral=https%253A%252F%252Fwww.bing.com%252F; _ga=GA1.1.229534928.1761663691; WZRK_G=d53dd99ec3914c389a4ad8cda1956548; _fbp=fb.1.1761663691632.419679857610500519; WZRK_S_4RW-KZK-995Z=%7B%22p%22%3A1%2C%22s%22%3A1761663668%2C%22t%22%3A1761663692%7D; _ga_45DD1K708L=GS2.1.s1761663690$o1$g0$t1761663702$j48$l0$h0"
},
{"phone_number":"7828278203"}
]