[{"url":"https://www.jio.com/api/jio-login-service/login/sendOtp"},
{
  "Accept-Encoding": "gzip, deflate, br",
  "Accept": "*/*",
  "Connection": "keep-alive",
  "Content-Type": "application/json",
  "User-Agent": "Mozilla/5.0 (Windows NT 10.0; Win64; x64) AppleWebKit/537.36 (KHTML, like Gecko) Chrome/141.0.0.0 Safari/537.36 Edg/141.0.0.0",
  "sec-ch-ua-platform": "\"Windows\"",
  "sec-ch-ua": "\"Microsoft Edge\";v=\"141\", \"Not?A_Brand\";v=\"8\", \"Chromium\";v=\"141\"",
  "sec-ch-ua-mobile": "?0",
  "Origin": "https://www.jio.com",
  "Sec-Fetch-Site": "same-origin",
  "Sec-Fetch-Mode": "cors",
  "Sec-Fetch-Dest": "empty",
  "Referer": "https://www.jio.com/selfcare/login/",
  "Accept-Language": "en-US,en;q=0.9,en-IN;q=0.8",
  "Cookie": "_clck=3lg9z5%7C2%7Cfwr%7C0%7C1991; NSC_q5_kjp_dpn_efgbvmu_WT_443=ffffffff0985b18945525d5f4f58455e445a4a422825; JioSessionID=d6460ebf-f430-450f-9720-c16fb0062519; ssjsid=d6460ebf-f430-450f-9720-c16fb0062519; NSC_Q5_kjp_njdsptfswjdf_WT_443=ffffffff0985b18f45525d5f4f58455e445a4a4229a0; _hjSessionUser_6526391=eyJpZCI6ImYwYzBjOWMzLTM2YzctNTJjNS1hYTY2LTBhZWNiMjc4MjYyMCIsImNyZWF0ZWQiOjE3NjE1Mzk4NDY3OTgsImV4aXN0aW5nIjpmYWxzZX0=; _hjSession_6526391=eyJpZCI6IjgxZTU5YTNiLWNlNTMtNGM4Ny1hMTQzLTQ5YjcwNTJkZjM5NyIsImMiOjE3NjE1Mzk4NDY3OTgsInMiOjAsInIiOjAsInNiIjowLCJzciI6MCwic2UiOjAsImZzIjoxLCJzcCI6MX0=; SameSite=None; ADRUM_BT1=R:35|i:2440687|e:144; ADRUM_BTa=R:35|g:390c3d59-a6c4-4af2-891c-e481a507c94d|n:customer1_a309c9d0-b5ef-4ff1-8978-610c0b29df8f; _ga_KTDCM7ZGJS=GS2.1.s1761539848$o2$g0$t1761539848$j60$l0$h0; _ga=GA1.1.1303615799.1749912443"
},

{
  "mobileNumber": "7828278203",
  "loginFlowType": "MOBILE",
  "alternateNumber": ""
}
]