[
{"url":"https://api.jobhai.com/auth/jobseeker/v3/send_otp"},
{
  "User-Agent": "Mozilla/5.0 (Windows NT 10.0; Win64; x64) AppleWebKit/537.36 (KHTML, like Gecko) Chrome/141.0.0.0 Safari/537.36 Edg/141.0.0.0",
  "Connection": "keep-alive",
  "Accept": "application/json, text/plain, */*",
  "Accept-Encoding": "gzip, deflate, br, zstd",
  "Content-Type": "application/json",
  "language": "en",
  "x-transaction-id": "JS-WEB-a3763fcd-7295-43d5-b974-f7f537437503",
  "sec-ch-ua-platform": "\"Windows\"",
  "sec-ch-ua": "\"Microsoft Edge\";v=\"141\", \"Not?A_Brand\";v=\"8\", \"Chromium\";v=\"141\"",
  "sec-ch-ua-mobile": "?0",
  "source": "WEB",
  "device-id": "c943fb1f-463b-4730-a0a3-6df2e73ae680",
  "content-type": "application/json;charset=UTF-8",
  "origin": "https://www.jobhai.com",
  "sec-fetch-site": "same-site",
  "sec-fetch-mode": "cors",
  "sec-fetch-dest": "empty",
  "referer": "https://www.jobhai.com/",
  "accept-language": "en-US,en;q=0.9,en-IN;q=0.8",
  "priority": "u=1, i"
},
{"phone":"7828278203"}
]