[
    {"url":"https://api.khatabook.com/v1/auth/request-otp"},
    {
  "User-Agent": "Mozilla/5.0 (Windows NT 10.0; Win64; x64) AppleWebKit/537.36 (KHTML, like Gecko) Chrome/141.0.0.0 Safari/537.36 Edg/141.0.0.0",
  "Connection": "keep-alive",
  "Accept": "*/*",
  "Accept-Encoding": "gzip, deflate, br, zstd",
  "Content-Type": "application/json",
  "x-kb-new-auth": "false",
  "x-kb-app-version": "000100",
  "sec-ch-ua-platform": "\"Windows\"",
  "sec-ch-ua": "\"Microsoft Edge\";v=\"141\", \"Not?A_Brand\";v=\"8\", \"Chromium\";v=\"141\"",
  "sec-ch-ua-mobile": "?0",
  "x-kb-app-name": "Khatabook Website",
  "x-kb-app-locale": "en",
  "x-kb-platform": "web",
  "origin": "https://khatabook.com",
  "sec-fetch-site": "same-site",
  "sec-fetch-mode": "cors",
  "sec-fetch-dest": "empty",
  "referer": "https://khatabook.com/",
  "accept-language": "en-US,en;q=0.9,en-IN;q=0.8",
  "priority": "u=1, i"
},
{"country_code":"+91","phone":"7828278203","app_signature":"Jc/Zu7qNqQ2"}
]