[
{"url": "https://api.getlokalapp.com/login/otp/generate/"},
{
  "User-Agent": "Mozilla/5.0 (Windows NT 10.0; Win64; x64) AppleWebKit/537.36 (KHTML, like Gecko) Chrome/141.0.0.0 Safari/537.36 Edg/141.0.0.0",
  "Connection": "keep-alive",
  "Accept": "application/json, text/plain, */*",
  "Accept-Encoding": "gzip, deflate, br, zstd",
  "Content-Type": "application/json",
  "sec-ch-ua-platform": "\"Windows\"",
  "sec-ch-ua": "\"Microsoft Edge\";v=\"141\", \"Not?A_Brand\";v=\"8\", \"Chromium\";v=\"141\"",
  "sec-ch-ua-mobile": "?0",
  "origin": "https://getlokalapp.com",
  "sec-fetch-site": "same-site",
  "sec-fetch-mode": "cors",
  "sec-fetch-dest": "empty",
  "referer": "https://getlokalapp.com/",
  "accept-language": "en-US,en;q=0.9,en-IN;q=0.8",
  "cookie": "_ga_EJRNDQEDEH=GS2.1.s1761661918$o1$g0$t1761661931$j47$l0$h0",
  "priority": "u=1, i"
},
{"mobile_no":"7828278203"}
]