[
    {"url":"https://services-customer.melorra.com/api/customer/customer_otp/"},
    {
  "User-Agent": "Mozilla/5.0 (Windows NT 10.0; Win64; x64) AppleWebKit/537.36 (KHTML, like Gecko) Chrome/141.0.0.0 Safari/537.36 Edg/141.0.0.0",
  "Connection": "keep-alive",
  "Accept": "application/json",
  "Accept-Encoding": "gzip, deflate, br, zstd",
  "Content-Type": "application/json",
  "sec-ch-ua-platform": "\"Windows\"",
  "authorization": "Bearer GUEST-R6ygQGNvPBMjkWVqpD81",
  "sec-ch-ua": "\"Microsoft Edge\";v=\"141\", \"Not?A_Brand\";v=\"8\", \"Chromium\";v=\"141\"",
  "sec-ch-ua-mobile": "?0",
  "currency_code": "INR",
  "currency-code": "INR",
  "origin": "https://www.melorra.com",
  "sec-fetch-site": "same-site",
  "sec-fetch-mode": "cors",
  "sec-fetch-dest": "empty",
  "referer": "https://www.melorra.com/",
  "accept-language": "en-US,en;q=0.9,en-IN;q=0.8",
  "priority": "u=1, i"
},
{"customer_telephone":"+91-7828278203","update_type":"customer_telephone"}
]