[{"url":"https://api.account.relianceretail.com/service/application/retail-auth/v2.0/send-otp"},
{
  "Connection": "keep-alive",
  "Accept": "*/*",
  "Accept-Encoding": "gzip, deflate, br",
  "sec-ch-ua-platform": "\"Windows\"",
  "authorization": "Bearer eyJhbGciOiJIUzI1NiIsInR5cCI6IkpXVCJ9.eyJyZXR1cm5fdWlfdXJsIjoid3d3Lmppb21hcnQuY29tL2N1c3RvbWVyL2FjY291bnQvbG9naW4_bXNpdGU9eWVzIiwiY2xpZW50X2lkIjoiZmRiNjQ2ZWEtZTcwOC00NzI1LWE5NTMtMjI4ZmExY2I4MzU1IiwiaWF0IjoxNzYxNTAyMTQwLCJzYWx0IjowfQ.HVxzaZI35yUxvpFoPKRSSYsWzk5Iy_ZuCV3E4N1Hqlk",
  "sec-ch-ua": "\"Microsoft Edge\";v=\"141\", \"Not?A_Brand\";v=\"8\", \"Chromium\";v=\"141\"",
  "sec-ch-ua-mobile": "?0",
  "content-type": "application/json",
  "source_meta": "{\"source_id\":null,\"os_name\":\"Mozilla/5.0 (Windows NT 10.0; Win64; x64) AppleWebKit/537.36 (KHTML, like Gecko) Chrome/141.0.0.0 Safari/537.36 Edg/141.0.0.0\"}",
  "origin": "https://account.relianceretail.com",
  "sec-fetch-site": "same-site",
  "sec-fetch-mode": "cors",
  "sec-fetch-dest": "empty",
  "referer": "https://account.relianceretail.com/",
  "accept-language": "en-US,en;q=0.9,en-IN;q=0.8",
  "priority": "u=1, i"
},
{"mobile":"7828278203"}

]