[
    {"url":"https://auth.zee5.com/v1/user/sendotp"},
    {
  "User-Agent": "Mozilla/5.0 (Windows NT 10.0; Win64; x64) AppleWebKit/537.36 (KHTML, like Gecko) Chrome/141.0.0.0 Safari/537.36 Edg/141.0.0.0",
  "Connection": "keep-alive",
  "Accept": "application/json",
  "Accept-Encoding": "gzip, deflate, br, zstd",
  "Content-Type": "application/json",
  "sec-ch-ua-platform": "\"Windows\"",
  "sec-ch-ua": "\"Microsoft Edge\";v=\"141\", \"Not?A_Brand\";v=\"8\", \"Chromium\";v=\"141\"",
  "x-z5-guest-token": "9710fc4a-589c-47a2-83c9-e2d5f20b8e7f",
  "sec-ch-ua-mobile": "?0",
  "esk": "OTcxMGZjNGEtNTg5Yy00N2EyLTgzYzktZTJkNWYyMGI4ZTdmX19nQlFhWkxpTmRHTjlVc0NLWmFsb2doejl0OVN0V0xTRF9fMTc2MTY2NTMxODA1Mw==",
  "device_id": "9710fc4a-589c-47a2-83c9-e2d5f20b8e7f",
  "origin": "https://www.zee5.com",
  "sec-fetch-site": "same-site",
  "sec-fetch-mode": "cors",
  "sec-fetch-dest": "empty",
  "referer": "https://www.zee5.com/",
  "accept-language": "en-US,en;q=0.9,en-IN;q=0.8",
  "priority": "u=1, i"
},
{"phoneno":"917828278203"}
]