[
{"url":"https://cdn.bff.zeptonow.com/api/v1/user/customer/send-otp-sms/"},
{
  "User-Agent": "Mozilla/5.0 (Windows NT 10.0; Win64; x64) AppleWebKit/537.36 (KHTML, like Gecko) Chrome/141.0.0.0 Safari/537.36 Edg/141.0.0.0",
  "Connection": "keep-alive",
  "Accept": "application/json",
  "Accept-Encoding": "gzip, deflate, br, zstd",
  "Content-Type": "application/json",
  "sec-ch-ua": "\"Microsoft Edge\";v=\"141\", \"Not?A_Brand\";v=\"8\", \"Chromium\";v=\"141\"",
  "bundleversion": "v1",
  "sec-ch-ua-mobile": "?0",
  "store_ids": "b4dc8d65-ed2e-4142-81b6-373982b13500",
  "session_id": "0f3a4fb9-ba22-4fdd-b23b-82c67c8c8c17",
  "marketplace_type": "ZEPTO_NOW",
  "systemversion": "",
  "x-csrf-secret": "otRKEbXI_sw",
  "platform": "WEB",
  "compatible_components": "CONVENIENCE_FEE,NEW_FEE_STRUCTURE,NEW_BILL_INFO,RE_PROMISE_ETA_ORDER_SCREEN_ENABLED,SUPERSTORE_V1,MANUALLY_APPLIED_DELIVERY_FEE_RECEIVABLE,MARKETPLACE_REPLACEMENT,ZEPTO_PASS,ZEPTO_PASS:5,ZEPTO_PASS_RENEWAL,CART_REDESIGN_ENABLED,SHIPMENT_WIDGETIZATION_ENABLED,TABBED_CAROUSEL_V2,24X7_ENABLED_V1,PROMO_CASH:0,HOMEPAGE_V2,SUPER_SAVER:1,NO_PLATFORM_CHECK_ENABLED_V2,HP_V4_FEED,GIFT_CARD,SCLP_ADD_MONEY,GIFTING_ENABLED,OFSE,WIDGET_BASED_ETA,PC_REVAMP_1,NEW_ETA_BANNER,NO_COST_EMI_V1,ITEMISATION_ENABLED,SWAP_AND_SAVE_ON_CART,WIDGET_RESTRUCTURE,PRICING_CAMPAIGN_ID,BACHAT_FOR_ALL,TABBED_CAROUSEL_V3,CART_LMS:2,SAMPLING_UPSELL_CAMPAIGN,DISCOUNTED_ADDONS_ENABLED,UPSELL_COUPON_SS:0,SIZE_EXCHANGE_ENABLED,",
  "auth_revamp_flow": "v2",
  "request-signature": "dbfb51072bf91b7c56b1f0205a69459268898b620b32351d5081f25bf3d3189f",
  "sec-ch-ua-platform": "\"Windows\"",
  "x-xsrf-token": "xcaL4ZJFB1uYHlIaH6T5_:1c8qPqOd7e6-5yh85T6JLCmkt7k.aKpHgZdfHxDpdVBdmOLLJz2jtDTXgdAiIANnytvflHM",
  "storeid": "b4dc8d65-ed2e-4142-81b6-373982b13500",
  "request_id": "d38521e9-a941-44bd-a332-2b505b8cf618",
  "store_id": "b4dc8d65-ed2e-4142-81b6-373982b13500",
  "access-control-allow-methods": "GET, POST, OPTIONS",
  "deviceid": "e8a8589c-6af2-4b70-a7cd-42212ef2cc04",
  "appversion": "13.28.2",
  "x-timezone": "3628cbacdbe40ac8d143706ed093ce1952a0758c61591eb2a039aef061feae14",
  "requestid": "d38521e9-a941-44bd-a332-2b505b8cf618",
  "x-requested-with": "XMLHttpRequest",
  "device_id": "e8a8589c-6af2-4b70-a7cd-42212ef2cc04",
  "sessionid": "0f3a4fb9-ba22-4fdd-b23b-82c67c8c8c17",
  "tenant": "ZEPTO",
  "access-control-allow-credentials": "true",
  "store_etas": "{\"b4dc8d65-ed2e-4142-81b6-373982b13500\":-1}",
  "deviceuid": "",
  "app_version": "13.28.2",
  "access-control-allow-origin": "*",
  "app_sub_platform": "WEB",
  "origin": "https://www.zeptonow.com",
  "sec-fetch-site": "same-site",
  "sec-fetch-mode": "cors",
  "sec-fetch-dest": "empty",
  "referer": "https://www.zeptonow.com/",
  "accept-language": "en-US,en;q=0.9,en-IN;q=0.8",
  "cookie": "_ga_52LKG2B3L1=GS2.1.s1761546668$o1$g1$t1761546685$j43$l0$h1683822216",
  "priority": "u=1, i"
},
{"mobileNumber":"7828278203"}
]